category,title,subtitle,content
Thời sự,"
Cầu Kênh Tẻ - nút thắt kẹt xe ở Sài Gòn ","Vào giờ cao điểm, cầu Kênh Tẻ luôn rơi vào tình trạng quá tải, là nỗi ám ảnh của người dân khu Nam Sài Gòn nhiều năm qua.",
Thời sự,"
TP HCM sắp có hai nhà máy đốt rác phát điện ","4.000 tấn rác mỗi ngày của TP HCM sẽ được đốt thành điện từ cuối năm sau, khi hai nhà máy có tổng vốn đầu tư 400 triệu USD hoàn thành.","
Hai dự án xử lý rác phát điện tại huyện Củ Chi đã được thành phố chấp thuận chủ trương, sẽ được khởi công lần lượt vào cuối tháng 8 và 10 năm nay, dự kiến hoàn thành vào cuối năm sau. Thông tin được Giám đốc Sở Tài nguyên - Môi trường TP HCM cho biết tại buổi họp báo chiều 26/8.,
Nhà máy đốt rác phát điện Vietstar được xây dựng trong khuôn viên nhà máy hiện nay ở Củ Chi rộng 40 ha. Giai đoạn một khởi công ngày 28/8, với công suất 2.000 tấn rác mỗi ngày và đến cuối năm sau sẽ đưa vào vận hành. Giai đoạn hai xây dựng dây chuyền để tăng công suất lên 100%, hoàn thành trong năm 2021. Tổng vốn đầu tư là gần 400 triệu USD.,
Theo Tổng giám đốc Công ty Vietstar Ngô Như Hùng Việt, nhà máy xử lý rác sử dụng công nghệ Martin của Đức với hệ thống khép kín không phát tán mùi hôi, không cần chờ phân loại tại nguồn, các hoạt động đều dùng công nghệ tự động. Dự án được làm trên khuôn viên nhà máy cũ nên thời gian xây dựng rất nhanh, chỉ trong một năm rưỡi.,
Đến đầu tháng 10, Công ty Tâm Sinh Nghĩa sẽ khởi công một số hạng mục của nhà máy rộng 8 ha, cũng xử lý 2.000 tấn rác mỗi ngày, dự kiến tháng 8/2021 có thể đi vào hoạt động. Khi hoàn thành, nhà máy sẽ phát điện với công suất 40 Mw và cho ra sản phẩm gạch không nung 200 tấn một ngày.,
Theo thống kê của Sở Tài nguyên - Môi trường TP HCM, tổng lượng rác đã thu gom vận chuyển năm 2018 là hơn 3 triệu tấn - trung bình mỗi ngày thành phố thải ra hơn 9.200 tấn rác, tăng 4,19 % so với năm 2017. Tuy nhiên, hầu hết rác là , nên gây ô nhiễm cho các khu dân cư.,
Thành phố xác định đến năm 2020 sẽ giảm tỷ lệ chôn lấp rác còn 50%, yêu cầu các nhà máy chuyển sang công nghệ đốt rác phát điện. Dự kiến năng lượng thu được trong giai đoạn 2020-2021 là 98MW, đến 2025 là 138MW và đến 2030 có thể lên đến 198MW.,
Hiện, thành phố kêu gọi đầu tư đối với 5 bãi chôn lấp ngưng hoạt động gồm: Phước Hiệp (huyện Củ Chi) 3 bãi, Gò Cát (quận Bình Tân) và Đông Thạnh (huyện Hóc Môn).,
Nhà đầu tư được hưởng một số ưu đãi như: miễn tiền thuê đất 11 năm hoặc giảm 70% tiền thuê đất phải nộp; mua lượng điện tạo ra; tài trợ lãi vay; miễn thuế nhập khẩu tài sản cố định của dự án; hỗ trợ cơ sở hạ tầng (đường giao thông, điện, nước) đến chân tường rào dự án và nhiều chính sách ưu đãi khác.,
"
Thời sự,"
Ôtô tải vượt trạm cân dù thanh tra giao thông bám cửa ","Chở quá tải, tài xế ôtô nhấn ga chạy 3 km khi một thanh tra giao thông ở Hải Phòng đang bám ngoài cửa lái.","
13h ngày 26/8, tổ kiểm soát trạm cân di dộng của Sở Giao thông Vận tải Hải Phòng phát hiện ôtô biển số tỉnh Bình Định có dấu hiệu quá tải trên quốc lộ 10 (huyện Tiên Lãng) nên ra hiệu lệnh dừng xe, hướng dẫn vào trạm cân để kiểm tra.,
Lái xe tải Võ Văn Tùng chấp hành hiệu lệnh, trình giấy tờ xe cho cán bộ thanh tra tên Hải rồi nhận lại trước khi đưa xe vào vị trí cân. Lên cabin, tài xế bất ngờ nhấn ga bỏ chạy. Anh Hải nhảy lên bám vào cửa xe, tài xế vẫn tăng ga chạy về hướng Thái Bình.,
Ông Hoàng Tiến Nam, Chánh Thanh tra Sở Giao thông Vận tải thành phố Hải Phòng cho biết, xe tải chạy được khoảng 3 km thì một xe khách cùng chiều phát hiện sự việc đã vượt lên, hỗ trợ lực lượng chức năng giải cứu cán bộ thanh tra và đưa xe tải trở lại trạm cân.,
Kết quả kiểm tra cho thấy xe chở quá tải trọng hơn 88%, quá tải cầu đường trên 53%. Sau khi lập biên bản vi phạm hành chính, thanh tra giao thông Hải Phòng đã tạm giữ chiếc xe vi phạm."
"Kinh doanh,Kinh doanh","
Doanh nghiệp Trung Quốc hưởng lợi gì nếu công ty Mỹ rời đi? ","
Rút hoạt động theo yêu cầu của Trump, doanh nghiệp Mỹ xem như ""tặng"" cơ hội tăng trưởng toàn cầu quy mô lớn cho công ty Trung Quốc.	","
Cuối tuần trước, trên trang cá nhân, ông Trump đề nghị các doanh nghiệp Mỹ lập tức tìm phương án thay thế Trung Quốc và yêu cầu đưa công ty về quê hương, sản xuất tại Mỹ.,
""Nếu điều đó xảy ra với các công ty Mỹ, dù ở các mức độ khác nhau thì việc bỏ trống thị trường Trung Quốc có lẽ sẽ mở ra khoảng trống cho các công ty Trung Quốc lấp đầy"", Stephen Olson - chuyên gia của Hinrich Foundation nhận xét.,
Quan trọng hơn, chuyên gia này nói rằng ""động thái như vậy sẽ tạo ra sự rạn nứt chưa từng thấy trong mối quan hệ thương mại và kinh tế giữa hai nền kinh tế lớn nhất thế giới"". Sự không chắc chắn này gây bất lợi cho doanh nghiệp cả hai nước. Ông Jake Parke cảnh báo rời khỏi Trung Quốc là bỏ lỡ một cơ hội tăng trưởng toàn cầu quy mô lớn.,
""Cách duy nhất để giải quyết những thách thức mà các công ty Mỹ gặp phải khi hoạt động tại Trung Quốc là hai bên tiếp tục đàm phán, đạt được thỏa thuận xóa bỏ thuế quan, đặt mối quan hệ lên một quỹ đạo ổn định hơn, có thể dự đoán và mang tính xây dựng hơn"", ông nêu.,
,
""Với các công ty Mỹ có hoạt động kinh doanh với Trung Quốc, họ sẽ gánh một phần thuế nhập khẩu, hoặc chuyển xuống cho người tiêu dùng. Nhưng họ sẽ mất một phần việc làm ăn về tay các nước khác. Điều này đang diễn ra rồi"", Jake Parker - Phó chủ tịch phụ trách Trung Quốc tại Hội đồng Doanh nghiệp Mỹ - Trung cho biết, ""Khả năng chuyển chi phí xuống còn phụ thuộc vào biên lợi nhuận, nguồn cung ứng thay thế và các điều khoản trong hợp đồng cung cấp"".,
Trong khi các các nhà đầu tư lo ngại về tác động của căng thẳng thương mại leo thang với các tập đoàn Mỹ thì doanh nghiệp Trung Quốc bắt đầu tìm kiếm nhiều cơ hội kinh doanh khác.,
""Trong ngắn hạn, thuế quan của Mỹ tăng sẽ có tác động tiêu cực đến lợi nhuận của các doanh nghiệp Trung Quốc. Về dài hạn, nếu căng thẳng thương mại tiếp tục sẽ tác động đến cấu trúc của chuỗi công nghiệp toàn cầu. Điều này buộc các công ty nội địa thay đổi phương thức sản xuất và thúc đổi chuyển đổi, nâng cấp hoạt động"", Wang Zhe - Chuyên gia kinh tế của Caixin Insight phân tích.,
Theo ông Wei, Trung Quốc đang củng cố đội ngũ doanh nghiệp của họ bằng 4 cách gồm: tăng cường sự hỗ trợ của chính phủ; mở các kênh giao thương quốc tế khác thông qua các chương trình như khu thương mại tự do hay sáng kiến 'Vành đai Con đường'; phát triển môi trường hoạt động chất lượng cao hơn cho các doanh nghiệp nhà nước và nước ngoài và thực hiện các chính sách như cắt giảm thuế và phí.,
Ông Trump tập trung vào thuế quan như công cụ chính trong tranh chấp thương mại nhưng nó không tạo ra hiệu quả rõ ràng trong việc khiến Trung Quốc thay đổi thái độ. Trong lúc này, phân tích từ Chris Rogers - nhà nghiên cứu tại Panjiva, thuộc S&P Global Market Intelligence, cho biết giá một số hàng hóa như hóa chất, đồ nội thất của Trung Quốc nhập vào Mỹ đang giảm.,
""Một số công ty Trung Quốc đang giảm giá hàng bán qua Mỹ"", Chris Rogers nói. Ông Wei Jianguo - cựu Thứ trưởng Bộ Thương mại Trung Quốc, hiện là phó chủ tịch kiêm phó giám đốc Trung tâm trao đổi kinh tế quốc tế tại Bắc Kinh nói rằng các công ty nước này đang gánh chi phí thuế quan nhưng không nhiều. Đa phần họ đang chờ đợi một giải pháp từ kết quả đàm phán.,
Phía doanh nghiệp Mỹ cũng vậy, ông Parker nói một số đang chuyển sang nhà cung cấp khác trong khi số khác vẫn duy trì chuỗi cung ứng và cố gắng cắt giảm lợi nhuận hoặc chuyển chi phí xuống cho người tiêu dùng càng nhiều càng tốt.,
Hai nền kinh tế lớn nhất thế giới đã lao vào cuộc xung đột thương mại leo thang hơn một năm qua. Tranh chấp ban đầu tập trung vào thâm hụt thương mại lớn của Mỹ với Trung Quốc. Sau đó, các bất đồng mở rộng đến nhiều vấn đề khác, bao gồm cơ hội tiếp cận thị trường rộng lớn của Trung Quốc mà Mỹ cho là không công bằng hay như việc chuyển giao công nghệ.,
Mức thuế trả đũa mới nhất đánh dấu sự đảo ngược với những gì Tổng thống Mỹ Donald Trump và Chủ tịch Trung Quốc Tập Cận Bình đã thỏa thuận hồi cuối tháng 6, rằng hai nước sẽ không đánh thêm thuế lên hàng hóa của nhau.,
""Các nhà lãnh đạo của Trung Quốc có thể không đưa ra một quyết định dứt khoát nào để loại trừ một thỏa thuận thương mại với Trump cho đến sau cuộc bầu cử ở Mỹ. Tuy nhiên, họ ngày càng hoài nghi về khả năng Trump có thể là một đối tác đàm phán và không sẵn sàng nhượng bộ đáng kể để xoa dịu ông"", Michael Hirson - chuyên gia của Eurasia Group bình luận.,
, (,)"
Thể thao,"
Altyn Asyr - Hà Nội: Chờ đợi cột mốc mới của bóng đá Việt Nam ","
Hà Nội bước vào trận lượt về bán kết AFC Cup 2019 hôm nay với lợi thế thắng 3-2 ở lượt đi.	","
,
Năm 2009, Bình Dương từng gây tiếng vang khi lọt vào bán kết AFC Cup, trước khi thua Al Karamah của Syria với tổng tỷ số 2-4. Sau chiến tích đó, các đội bóng đến từ V-League thường chọn cách thua sớm ở đấu trường châu lục để tránh cảnh quá tải khi trở về đá giải vô địch quốc gia. Tình trạng đó dẫn đến việc danh tiếng của bóng đá Việt Nam bị ảnh hưởng, mất điểm trong hệ thống đánh giá của AFC - nhất là sau những trận thua đậm, như SLNA (2-6 trên sân của Terenganu năm 2012) hay Đà Nẵng (0-5 trên sân của Kelantan năm 2013)...,
Sau 10 năm, Việt Nam mới lại có một CLB tiến tới bán kết AFC Cup: Hà Nội. Trên hành trình đó đoàn quân của HLV Chu Đình Nghiêm thậm chí đánh bại chính Bình Dương trong trận chung kết khu vực Đông Nam Á. Đội đương kim vô địch V-League đang đứng trước cơ hội lớn để trở thành CLB đầu tiên của Việt Nam tiến tới trận chung kết liên khu vực, bởi đã ,.,
Trong trận đấu tại Hàng Đẫy ngày 21/8, Hà Nội vào sân với đội hình chắp vá khi thiếu nhiều trụ cột như Đình Trọng, Văn Hậu, Văn Kiên... nhưng vẫn lấn lướt trước Altyn Asyr - đương kim á quân AFC Cup. Đoàn quân của HLV Chu Đình Nghiêm cầm bóng 63%, tung ra 33 cú dứt điểm so với 7 của đối thủ. Bị thủng lưới trước ngay ở phút thứ tư, nhưng họ giành chiến thắng nhờ , và , quyết đoán của Văn Quyết.,
Chỉ cần một kết quả hoà ở lượt về là Hà Nội giành vé vào chung kết. Tuy nhiên, đại diện của Việt Nam sẽ không chơi tử thủ mà lấy tấn công làm phòng ngự. ""Chúng tôi rất tiếc khi trận lượt đi chỉ thắng với cách biệt một bàn. Tạo ra hàng loạt cơ hội, đáng ra Hà Nội phải thắng 3-0"", tiền vệ Moses của Hà Nội chia sẻ. ""Dẫu sao đó cũng là quá khứ, bây giờ điều đội cần làm là tập trung cho trận lượt về, chơi tốt để hoà hoặc thắng. Hà Nội sẽ đá tấn công bởi đó là cách phòng ngự tốt nhất. Tấn công là điểm mạnh của chúng tôi, hơn nữa không ai có thể phòng ngự suốt 90 phút"".,
Moses cũng nhắc nhở các đồng đội không chủ quan trong phòng ngự bởi Altyn Asyr có tốc độ tấn công rất nhanh. Bằng chứng là ở lượt đi đội bóng này dù chơi lép vế vẫn có được hai bàn. Do giải áp dụng luật bàn thắng sân khách nên đại diện của Turkmenistan chỉ cần thắng 1-0 là giành quyền đi tiếp.,
Trận này HLV Chu Đình Nghiêm không còn quá đau đầu về nhân sự hàng thủ. Văn Kiên đã bình phục để trở lại vị trí hậu vệ phải. Thành Chung và Tiến Thành cũng đủ khả năng kết cặp trung vệ với Duy Mạnh. Bên hành lang trái, Văn Hậu ở lại Việt Nam chữa trị nên Văn Dũng có thể sẽ lấp vào chỗ trống. Ở lượt đi, vị trí này được giao cho Đức Huy, và tiền vệ quê Hải Dương đã chơi rất tốt, khoá chết cánh tấn công nguy hiểm của đối thủ. Tuy nhiên, mới đây anh dính chấn thương nên nhiều khả năng sẽ không thể góp mặt. Ở mặt trận tấn công, Hà Nội cũng có những quân bài tốt nhất. Cả Văn Quyết, Quang Hải và Omar đều đang đạt phong độ cao, liên tiếp ghi bàn ở AFC Cup, V-League và Cup Quốc gia. ,
Điều duy nhất khiến Hà Nội lúc này lo lắng là các cầu thủ bị mệt mỏi sau hành trình dài di chuyển. Ngày 24/8, họ phải trải qua hơn 26 tiếng bay với quãng đường 10.000 km mới từ Hà Nội đến được Ashgabat, thủ đô của Turkmenistan.,
"
Thể thao,"
Lukaku lập công trong trận ra quân của Inter ","
Tân binh Romelu Lukaku góp một bàn trong thắng lợi 4-0 của Inter trước Lecce, ở trận ra quân Serie A tối 26/8.	","
,
Lukaku từng bị chê là vụng về ở Man Utd. Nhưng ngay trận ra quân Serie A hôm qua, tiền đạo người Bỉ chứng tỏ anh vẫn lợi hại với pha chớp thời cơ nâng tỷ số lên 3-0. Thủ môn Lecce, Gabriel bắt không dính cú sút xa của Lautaro Martinez, và Lukaku rất nhanh đón bóng văng ra để đá bồi cận thành.,
Bàn thắng ở phút 60 của Lukaku góp phần đánh sập ý chí kháng cự từ phía Lecce. Trước đó, Inter dẫn 2-0 ngay từ nửa đầu hiệp một, nhờ các bàn của Brozovic rồi Sensi liền trong ba phút. Lecce phản kháng mạnh trong khoảng 10 phút đầu hiệp hai, nhưng xìu dần sau khi Lukaku nâng cách biệt lên 3-0. Đội khách gần như buông xuôi sau tấm thẻ đỏ trực tiếp ở phút 77 của chân sút mới vào thay người Farias. Bàn ấn định tỷ số 4-0 cho Inter, nhờ công Candreva, đến như một hệ quả tất yếu về cuối trận.,
Inter, sau khi mời Conte về dẫn dắt và đổ gần 150 triệu USD vào phiên chợ hè, được xem là ứng cử viên nặng ký đoạt scudetto mùa này. Dù vậy, theo HLV Lecce, Fabio Liverani, trong phát biểu trước trận, Inter ""chưa chắc sẵn sàng để cất cánh ngay lập tức sau quá nhiều thay đổi hè vừa qua"". Và thực tế 90 phút so tài tại Meazza hôm 26/8 là câu trả lời đanh thép nhất mà thầy trò Conte gửi đến Liverani cũng như những ai còn nghi ngờ sức mạnh, tham vọng của Inter.  ,
,
Tuy nhiên, khi Inter bắt đầu nóng máy, họ nhanh chóng chứng tỏ khác biệt giữa một ứng cử viên vô địch với một đội bóng mới thăng hạng từ Serie B. Phút 21, nhận đường chuyền của Asamoah, Brozovic cứa lòng đẹp mắt từ ngoài khu vực 16m50, đánh bại thủ môn Gabriel, mở tỷ số. Ba phút sau, Inter nhân đôi cách biệt. Stefano Sensi sút đập người đồng đội Vecino, nhưng rất nhanh tìm thấy khoảng trống để đá bồi, đưa bóng vào góc thấp phía xa. ,
,
Đoàn quân của Conte khép lại bữa tiệc bóng đá cho các CĐV nhà bằng bàn thắng đẹp mắt, ấn định kết quả 4-0 ở phút 84. Candreva, người chơi rất hay từ đầu trận trong vai trò chạy cánh phải, nhận bóng từ cách khung thành 30 mét và quyết định kết thúc ngay bằng cú nã đại bác găm bóng vào góc cao phía xa. ,
,
Đội hình thi đấu:,
,: Handanovic - D’Ambrosio, Ranocchia, Skriniar - Candreva, Vecino (Barella 65), Brozovic, Sensi (Gagliardini 72), Asamoah - Lautaro Martinez (Politano 78), Lukaku,
,: Gabriel - Rispoli (Benzar 72), Rossettini, Lucioni, Calderoni - Petriccione (Mancosu 61), Tachtsidis, Majer - Falco - La Mantia (Farias 61), Lapadula,
Thẻ đỏ: Farias 77.,
"
"Kinh doanh,Kinh doanh","
Bơ mỗi trái nặng hơn một kg hút khách ","
Giống bơ trọng lượng lớn trồng ở Đăk Nông được bán với giá 70.000 đồng một kg hiện cung không đủ cầu.	","
Chị Hạnh, bán xe trái cây trên đường Nguyễn Oanh, Gò Vấp (TP HCM) cho biết, mới nhập loại bơ mỗi trái nặng trên một kg về bán được 3 ngày nay, nhưng đã có khá nhiều khách đặt hàng.,
""Đây là giống bơ được đầu mối ở Đăk Nông phân phối. Hạt nhỏ, thịt dày vàng ươm nên khách khá chuộng. Mỗi ngày tôi có thể bán được 10-20 kg với giá 70.000 đồng một kg. Nếu ngày nào có khách mua sỉ, số lượng bán ra có thể lên tới nửa tạ"", chị Hạnh nói.,
Cũng nhập loại hàng này về bán, chị Hoa, chủ cửa hàng trái cây sạch ở quận Bình Thạnh cho hay, giống bơ này chất lượng không thua kém gì hàng nhập, giá hấp dẫn nên lượng khách mua đông.,
""Được chào hàng ăn thử, thấy thịt dày, vỏ mỏng lại béo bùi nên tôi quyết định nhập khoảng một tạ để bán và chỉ trong 8 ngày là hết hàng. Nhiều khách vẫn đang đăng ký đặt mua nhưng tôi đợi đủ số lượng mới nhập thêm để đảm bảo hàng tươi ngon khi giao cho khách"", chị Hoa nói.,
Là một trong những hộ nhân rộng giống bơ ""khổng lồ"" 6 năm nay, ông Đậu Quang Trung ở Đắk Mil (Đăk Nông) cho biết hiện vườn nhà ông có vài trăm cây, dự kiến năm nay thu hoạch được 30 tấn. Đa phần sản phẩm  bán cho các cửa hàng thực phẩm sạch và sạp trái cây ở các thành phố lớn như Hà Nội, TP HCM, Đà Nẵng. Mỗi trái bơ có trọng lượng thấp nhất là 700 gram, trái to lên tới 2 kg, giá bán tại vườn 40.000 - 50.000 đồng một kg. ,
Theo ông Trung, ưu điểm của loại bơ này là trái to, năng suất cao, thơm ngon, ruột vàng, béo ngậy như những loại bơ sáp thông thường. Giống này khá dễ trồng. Thay vì để cây ra trái sum suê, ông Trung thường cắt tỉa những trái không phù hợp để khi thu hoạch trái đều về trọng lượng.,
Hiện, trên thị trường, bơ trong nước đa phần có trọng lượng 200 -500 gram mỗi trái, giá rất đa dạng từ 15.000 đến 120.000 đồng một kg. Riêng với các loại bơ nhập khẩu, giá lên tới 350.000 - 500.000 đồng một kg.,
"
Pháp luật,"
Sát nhân lộ diện từ hồ sơ xin việc ",Cảnh sát Mỹ không thể giải mã cái chết của Sondra Better (68 tuổi) suốt 21 năm cho tới khi thấy dấu vân tay của một người đi xin việc.,"
Thi thể của Sondra Better được một cặp nam nữ phát hiện khi bước vào cửa hàng đồ ký gửi tại thành phố Delray Beach, bang Florida, Mỹ vào 18h ngày 24/8/1998. Sondra bán hàng tại đây đã 8 năm, hôm đó là ngày làm việc cuối cùng khi bà sắp đi du lịch kỷ niệm 50 năm kết hôn.,
Xung quanh Sondra là những mảnh vỡ của lọ hoa bao quanh. Gần thi thể có hai quả cầu trang trí làm từ đá hoa cương bị dính máu. Quả cầu thứ ba cùng bộ ở trên bàn dính dấu vân tay lạ.,
Giám định viên xác định người chết bị đâm nhiều nhát, đặc biệt là phần cổ. Bàn tay có nhiều vết cắt, một ngón tay gần đứt lìa, là dấu hiệu điển hình cho thấy sự kháng cự quyết liệt trước kẻ tấn công dùng dao. Theo điều tra viên, có thể vì nạn nhân nhân kháng cự mà thủ phạm đã bị thương và để lại vệt máu nhỏ giọt từ thi thể tới ngăn kéo thu ngân rồi hướng ra cửa trước.,
Ngăn kéo đựng tiền trống trơn, bên trong có dính máu, chứng tỏ động cơ gây án có thể chỉ đơn giản là cướp của. Tuy nhiên, cảnh sát thấy lạ vì hung thủ bỏ qua đồng hồ Rolex và nhẫn kim cương của nạn nhân. Hung thủ có thể dùng con dao cắt bánh tại cửa hàng vì vật này đã biến mất sau vụ án.,
Nhân chứng cho biết khoảng nửa tiếng trước khi thi thể được phát hiện có nhìn thấy Sondra đứng nói chuyện với người đàn ông da trắng. Người này tầm 20-30 tuổi, cao 1m8 hoặc hơn, tóc sáng màu, khi ấy đang mặc cả giá chiếc ghế tựa.,
Cảnh sát thu thập được mẫu ADN từ giọt máu tại hiện trường cùng dấu vân tay lạ trên quả cầu trang trí, nhưng cả hai mẫu thử không cho kết quả trùng khớp khi được đối chiếu với cơ sở dữ liệu về tội phạm toàn quốc.,
Gần 20 năm sau, điều tra viên không ngừng thu thập bằng chứng và phỏng vấn 37 nghi can trong cái chết của Sondra nhưng không có kết quả. Vụ án dần đi vào bế tắc, vật chứng bị phủ lên một lớp bụi mỏng, nằm yên trong kho chứa.,
Bên cạnh điều tra viên, chồng của Sondra cũng luôn đi tìm công lý cho vợ. Ông trao học bổng ngành tư pháp hình sự cho sinh viên đại học, thậm chí dành 15 năm để làm tình nguyện cho sở cảnh sát địa phương. Năm 2015, người chồng qua đời trong đau khổ khi vụ án chưa có lời giải đáp.,
Tới tháng 12/2018, điều tra viên vụ án bất ngờ nhận được tin báo dấu vân tay lạ trong vụ án mạng năm 1998 đã xuất hiện trong cơ sở dữ liệu. Chủ nhân của nó có tên Todd Barket, 51 tuổi. Người này khi ấy đang ứng tuyển vào vị trí trợ lý điều dưỡng tại viện dưỡng lão thuộc sở hữu nhà nước nên phải nộp kèm dấu vân tay để kiểm tra lý lịch tư pháp.,
Cảnh sát thấy rằng trừ một số vé phạt giao thông, Todd chưa từng bị bắt giữ hay kết án về tội danh nghiêm trọng nên có lý lịch trong sạch... Nhưng ngoại hình của Todd có nhiều chi tiết trùng khớp với mô tả của nhân chứng trong vụ án Sondra, như cao 1m87 và màu tóc vàng. Ngoài ra, Todd có một vết sẹo chạy dọc từ khóe miệng phải xuống dưới cằm, nói do bị chó cắn.,
Sau quá trình theo dõi, cảnh sát thu thập được mẫu ADN của Todd và đem đối chiếu với mẫu máu tại hiện trường, kết quả cho thấy trùng khớp. Todd bị bắt ngày 27/3.,
Điều tra viên kể Todd không có vẻ ngạc nhiên khi thấy lực lượng chức năng đứng ngoài cửa. Khi điều tra viên tiết lộ tới tìm Todd vì có liên quan tới vụ án mạng năm 1998, Todd chỉ nhún vai và nói ""OK"". Nhà chức trách bắt giữ Todd ngay sau đó.,
Sau khi bị bắt, Todd không chịu hợp tác nên điều tra viên chỉ có thể giả định động cơ gây án đơn giản là cướp tài sản.,
Ra tòa, Todd thừa nhận các dấu vân tay và máu tại hiện trường là của mình, tuy nhiên giải thích đã cầm quả cầu trang trí lên khi cùng vợ tới cửa hàng xem đồ vào khoảng hai tuần trước án mạng. Về vết máu nhỏ giọt, Todd nói khi ấy làm việc ở công trường, thường xuyên bị các vết cắt ở bàn tay nên cũng có thể đã rỉ máu ra sàn.,
Khi bị hỏi về vết máu trong ngăn đựng tiền, Todd thú nhận hôm xảy ra án mạng có quay lại cửa hàng vì muốn mua đồ tặng vợ. Todd nói không thấy nhân viên đâu nên trong lúc nhất thời đã nổi lòng tham, mở ngăn kéo lấy sạch tiền rồi bỏ chạy, giờ nhìn lại thấy rất hối tiếc. Ông ta khẳng định không giết hại Sondra, cũng không thấy thi thể của Sondra trên sàn, nếu không đã báo cảnh sát.,
Bồi thẩm đoàn không tin lời khai của Todd. 21 năm sau khi vụ án xảy ra, bồi thẩm đoàn kết án Todd phạm tội , , và , vào ngày 23/8, tuyên án chung thân. Todd ôm đầu, cúi mặt xuống bàn khi nghe phán quyết."
Thế giới,"
Những tên lửa Nga có thể triển khai hậu INF ","Nga sở hữu nhiều loại tên lửa hiện đại, có thể nhanh chóng nâng cấp để tạo thế cân bằng với Mỹ mà không cần chạy đua vũ trang.","
Tổng thống Vladimir Putin hôm 23/8 ra lệnh cho Bộ Quốc phòng Nga và các cơ quan khác phân tích mối đe dọa từ , phóng từ mặt đất của Mỹ để ,, dù khẳng định Nga ""không muốn và sẽ không tham gia một cuộc chạy đua vũ trang tàn khốc, tốn kém"".,
Giới chuyên gia cho rằng Nga đang sở hữu nhiều tên lửa hiện đại, được coi là ""những lá bài tủ"" để nhanh chóng đối phó với việc Washington rút khỏi Hiệp ước Các lực lượng hạt nhân tầm trung (INF). Chúng vốn bị giới hạn nhiều tính năng để đáp ứng điều khoản INF, trong đó cấm hai bên phát triển tên lửa hành trình, đạn đạo phóng từ mặt đất với tầm bắn 500-5.500 km.,
"", bị cắt giảm tầm bắn chỉ còn 480 km theo yêu cầu của INF. Giờ đây, khi rào cản đã bị phá bỏ, không còn gì ngăn cản các nhà thiết kế Nga khôi phục tính năng kỹ thuật thực sự của chúng"", tổng biên tập tạp chí ""Kho vũ khí Nga"" Viktor Murakhovsky cho hay, ám chỉ tầm bắn của Iskander có thể được cải thiện đáng kể và gọi đây là ""phương án bất đối xứng với chi phí rẻ và hiệu quả cao nhất"".,
Kể từ khi xuất hiện vào năm 1996, tổ hợp tên lửa đạn đạo 9K720 Iskander luôn được đánh giá là một trong những vũ khí chiến thuật hiện đại và nguy hiểm nhất thế giới.,
Điểm nổi bật của Iskander là khả năng xuyên thủng mọi hệ thống phòng thủ tên lửa trên thế giới. Tên lửa Iskander có tốc độ tối đa lên tới 9.350 km/h cùng khả năng liên tục thay đổi đường bay và tung mồi bẫy, nhằm vô hiệu hóa nỗ lực đánh chặn của đối phương.,
Mỗi xe vận chuyển kiêm bệ phóng (TEL) trong hệ thống Iskander có thể mang hai quả đạn với khả năng chọn mục tiêu độc lập, tăng gấp đôi hỏa lực so với những tổ hợp cũ hơn như Tochka-U hay Oka. Phiên bản Iskander-M được trang bị đầu dò quang - điện tử cùng liên kết dữ liệu với máy bay không người lái (UAV) hoặc cảnh báo sớm (AWACS), cho phép tên lửa đánh trúng mục tiêu di động với sai số chỉ hai mét.,
Nga cũng phát triển biến thể tên lửa hành trình mang định danh Iskander-K, trang bị đạn 9M728 có tầm bắn 500 km. , có độ chính xác cao và đầu đạn lớn hơn, bị Mỹ cáo buộc có tầm bắn tới hơn 5.000 km và vi phạm điều khoản INF, trong khi Nga khẳng định nó chỉ có thể đánh trúng mục tiêu ở khoảng cách 480 km. Hai mẫu tên lửa này cũng có thể trang bị cho tổ hợp Iskander-M, tăng uy lực và lựa chọn tác chiến cho các chỉ huy.,
Mikhail Khodarenok, đại tá phòng không nghỉ hưu, nhận định quân đội Nga có thể sớm phóng thử một loại tên lửa hành trình từ bệ phóng mặt đất để đáp trả việc Mỹ gần đây phóng thử tên lửa hành trình được cải tiến từ Tomahawk.,
Ứng cử viên lớn nhất hiện nay cho cuộc phóng thử này là , Mẫu tên lửa này từng gây ấn tượng mạnh khi được hải quân Nga phóng đồng loạt 26 quả vào những vị trí do phiến quân Nhà nước Hồi giáo (IS) kiểm soát ở Syria năm 2015. Trong lần thực chiến đầu tiên này, các quả đạn xuất phát từ tàu chiến trên biển Caspi, bay qua không phận Iran và Iraq, trước khi đánh trúng mục tiêu IS trên lãnh thổ Syria ở khoảng cách 1.500 km.,
Trong chiến dịch quân sự tại Syria, hải quân Nga chỉ sử dụng phiên bản tấn công mặt đất mang định danh 3M14, được trang bị hệ thống định vị toàn cầu GLONASS và dẫn đường quán tính, cùng đầu dò radar ARGS-14E có tầm hoạt động 20 km để bám bắt các mục tiêu có độ phản xạ radar lớn.,
Mẫu 3M14 nội địa của Nga có tầm bắn 2.000-2.500 km, sử dụng hệ thống đo độ cao và khớp ảnh địa hình, cho phép bay bám sát mặt đất để giảm khả năng bị phát hiện, khiến đối phương có ít thời gian phản ứng hơn. Tên lửa Kalibr có thể được dễ dàng hoán cải thành vũ khí phóng từ mặt đất như vụ thử tên lửa Tomahawk của Mỹ hôm 18/8.,
Tập đoàn Novator của Nga cuối năm 2017 cũng giới thiệu , của tổ hợp Kalibr/Klub mang định danh Klub-T. Nó được phát triển riêng cho tên lửa hành trình tấn công mặt đất 3M14E1, thay vì trang bị nhiều vũ khí như thiết kế nguyên bản. Cơ cấu tổ hợp Klub-T cũng được rút gọn, chỉ còn xe phóng đạn và xe chỉ huy, loại bỏ các xe radar dẫn bắn không cần thiết.,
""Tên lửa của Klub-T bị giới hạn tầm bắn 300 km và đầu đạn nặng không quá 500 kg để phù hợp các hiệp ước kiểm soát vũ khí. Những thông số này sẽ tăng đáng kể khi nó được biên chế cho quân đội Nga và không chịu các rào cản như INF"", đại tá Khodarenok cho biết.,
, cũng là một giải pháp giúp Nga nhanh chóng triển khai vũ khí đối phó Mỹ, giống cách nước này từng đáp trả sau khi Washington rút khỏi Hiệp ước Chống tên lửa đạn đạo (ABM) vào năm 2002.,
"", nằm trong hệ thống chiến đấu thống nhất mới được Nga phát triển, sau đó lắp lên tên lửa đạn đạo xuyên lục địa UR-100N ra đời từ thời Liên Xô. Giải pháp này cho phép Nga vô hiệu hóa mọi nỗ lực xây dựng lá chắn phòng thủ tên lửa của Mỹ, trong khi duy trì chi phí đầu tư thấp hơn nhiều so với đối phương"", Murakhovsky nhận xét.,
Đại tá Khodarenok cho rằng Moskva cũng có thể , theo hiệp ước INF. ""Nhiều lữ đoàn tiền tuyến trang bị tên lửa hành trình phóng từ mặt đất có thể được triển khai mà không vượt quá ngân sách quốc phòng hiện nay"", ông nói.,
,(Theo ,)"
Đời sống,"
Cuộc đời làm cảnh của chị em sinh năm nổi tiếng ","Ngày 4 lần, chị em sinh năm nhà Dionne được đưa vào sân chơi riêng, xúc cát hoặc lội nước trước sự chứng kiến của hàng nghìn người.","
Đó là một sân chơi bình thường, nếu bỏ qua hàng dây thép gai cùng bảng chữ: ""Xin vui lòng hợp tác, yêu cầu im lặng, không chụp hình những đứa trẻ"".,
""Những đứa trẻ"" ở đây chính là năm chị em gái nhà Dionne bao gồm Yvonne, Annette, Cécile, Émilie và Marie. Là trường hợp sinh năm đầu tiên trên thế giới sống sót qua năm đầu đời, họ được mệnh danh ""kỳ quan thế giới thứ tám"". Nhờ năm chị em, vùng Callander ở Ontario (Canada), quê hương của họ, trở thành địa điểm du lịch nổi tiếng. Những năm 1930, nơi đây thu hút khoảng ba triệu du khách, nhiều hơn cả thác Niagara.,
Suốt thời gian dài, Yvonne, Annette, Cécile, Émilie, Marie sống trong môi trường chẳng khác nào sở thú. Tuy nhiên, theo Sarah Miller, tác giả cuốn ,, chuỗi ngày ""bị cầm tù"" này lại là ""những năm hạnh phúc nhất, ít phức tạp nhất"" với năm chị em nhà Dionne.,
Trước khi năm chị em ra đời, gia đình Dionne rất nghèo khó. Oliva Dionne, người đàn ông trong nhà, nuôi gia đình tám miệng ăn bao gồm người vợ đang mang thai với mức lương 4 USD từ công việc chở vật liệu xây dựng. ,
Ngày 28/5/1934, vợ Oliva là Elzire chuyển dạ, sớm hai tháng so với dự kiến. Bác sĩ chưa kịp tới nơi, một em bé tí hon nặng 1,5 kg đã chào đời. Đầu bé to bằng quả cam, toàn thân có thể nằm gọn trong bàn tay người lớn. Đứa trẻ gần như không thở.,
Tiếp đó, bốn bé gái khác lần lượt chui ra, đứa sau nhỏ hơn đứa trước. Marie, đứa trẻ cuối cùng, nặng chưa đầy 1 kg. Tổng cộng, năm chị em nặng 6 kg. ,
Hoảng hốt vì thấy mình sinh năm, Elzire hét lên: ""Tôi sẽ làm gì với những đứa trẻ này đây"".,
Ban đầu, cơ may sống sót của năm chị em nhà Dionne gần như bằng không. Trước họ, trường hợp sinh năm khác ở Lisbon (Bồ Đào Nha) năm 1866 qua đời trong vòng 55 ngày sau sinh. Những đứa trẻ không chỉ gặp vấn đề nghiêm trọng về hô hấp mà còn bị tác động bởi điều kiện khó khăn ở nông thôn.,
Bác sĩ địa phương Allan Roy Dafoe, người có mặt lúc năm chị em nhà Dionne ra đời, tuyển dụng các y tá để giữ cho năm đứa trẻ sống sót. Họ khử trùng trang trại, thay tã, giữ ấm và cho các bé ăn hai tiếng một lần. ,
Tin tức về năm chị em nhà Dionne nhanh chóng lan xa. Giới báo chí đổ xô tới Ontario, cắm trại qua đêm để kiếm cơ hội chụp ảnh những đứa trẻ. Khách tham quan từ khắp nơi cũng kéo về, làm tắc đường. Hai người Mỹ đề nghị mua chiếc giường nơi năm chị em ra đời với mức giá hàng nghìn USD. Một người thậm chí cố gắng đột nhập vào nhà Dionne.,
Lúc những đứa trẻ sinh năm được vài ngày tuổi, một nhà triển lãm ở Chicago thuyết phục Oliva ký hợp đồng cho phép trưng bày các con để đổi lại toàn bộ chi phí y tế, nhà ở, bữa ăn cộng thêm 250 USD mỗi tuần và một phần doanh thu bán vé. Tuyệt vọng và túng thiếu, Oliva đồng ý nhưng sau đó nghĩ lại. Để thoát khỏi bản hợp đồng, ông ký giấy chuyển nhượng quyền nuôi dưỡng các con cho hội Chữ Thập Đỏ vào tháng 7/1934.,
Dưới sự điều hành của bác sĩ Dafoe, hội Chữ Thập Đỏ xây cho năm đứa trẻ nhà Dionne một ""ốc đảo trẻ em"" với đầy đủ tiện nghi. ""Chúng tôi có mọi thứ mình muốn. Trong ngôi nhà đó, chúng tôi được đối xử như những nàng công chúa"", năm chị em kể trong hồi ký , năm 1965. ,
Dù chỉ cách nhà bố mẹ một con đường, nơi ở của năm chị em sinh năm như thuộc về thế giới khác. Mỗi ngày bắt đầu từ 6h30 với bữa sáng là nước cam và dầu gan cá tuyết. Các y tá không thể hiện sự thiên vị hay tình cảm. Khi phạm lỗi, những đứa trẻ sẽ nhận hình phạt ngay. Ví dụ, nếu cho tay vào tã trong lúc ngủ, các bé sẽ bị buộc tay vào thanh cũi. Elzire và Oliva không bao giờ được chào đón ở chỗ các con. Dù bố mẹ nói tiếng Pháp, năm chị em lại học tiếng Anh. ,
Về mặt luật pháp, Yvonne, Annette, Cécile, Emilie và Marie thuộc quyền sở hữu của chính quyền Ontario đến tuổi 18. Nhận thấy tiềm năng kinh tế từ năm chị em, Hội Chữ Thập Đỏ mở quỹ ủy thác cho họ và thu về khoản tiền khổng lồ từ các cơ quan báo chí, doanh nghiệp muốn sử dụng hình ảnh những đứa trẻ. ,
Bác sĩ Dafoe đưa ra ý tưởng ""show diễn trẻ em"" nhằm lôi kéo khách du lịch tới Callander. Mỗi ngày bốn lần, năm đứa trẻ nhà Dionne được đưa ra sân chơi để khán giả chiêm ngưỡng. Nếu một bé bị ốm, y tá sẽ bí mật đưa một bé khác ra hai lần, đảm bảo người xem có cảm giác đã nhìn thấy năm chị em giống hệt nhau. Thỉnh thoảng, những đứa trẻ bị đẩy ra ngoài sân chơi dưới thời tiết xấu hoặc trong tình trạng không khỏe. ,
Ước tính mỗi ngày, Callander đón khoảng 3.000 du khách tới nhìn năm bé gái kia chơi đùa. Gia đình Dionne mở một cửa hiệu bán đồ lưu niệm đối diện nơi ở của các con. Trong số khách du lịch đến đây, có những ngôi sao nổi tiếng như Clark Gable, James Stewart, Bette Davis, James Cagney, Mae West và nữ phi công Amelia Earhart. ,
Du khách được thông báo rằng năm đứa trẻ không bị làm phiền bởi sự có mặt của đám đông nhưng điều này không đúng. Hai y tá chăm sóc chị em nhà Dionne từng tiết lộ: ""Mỗi ngày, những đứa trẻ đều chạy về phía chúng tôi, than phiền về những khán giả tò mò. Rất nhiều lần, chúng sợ hãi, trốn tránh và không chịu chơi. Ác mộng cũng xuất hiện thường xuyên"". Có lẽ vì môi trường làm việc quá khắc nghiệt, không y tá nào trụ quá 3 năm.,
Năm 1943, vợ chồng Oliva đâm đơn kiện Dafoe và giành lại quyền nuôi dưỡng các con. Tuy nhiên, đó không phải cuộc hội ngộ ngọt ngào. Nhờ tiền từ quỹ ủy thác của các con, gia đình Dionne chuyển tới một ngôi nhà lớn.,
Năm chị em sinh năm, lúc ấy 9 tuổi, chẳng biết gì về cuộc sống bên ngoài khu nhà cũ. Do thời gian chia cách quá dài, gia đình với họ không khác gì người xa lạ. Lần đầu tiên trong đời, năm đứa trẻ không được ngồi cạnh nhau trong bữa ăn và phải ngủ khác phòng.,
Để kiếm tiền, năm chị em vẫn phải ăn mặc giống hệt nhau, thường xuyên xuất hiện trong các cuộc phỏng vấn và tới Mỹ cho công chúng chiêm ngưỡng. Ngoài ra, Elzire bắt các con làm việc nhà và sẵn sàng lăng mạ, đánh đập nếu thấy chúng làm không tốt. Oliva cũng tấn công các con. Một lần, Cécile thấy Émilie dưới tầng hầm, người co rúm và run rẩy. Émilie không kể điều gì đã xảy ra nhưng khi Cécile hỏi ""Bố à"" thì Émilie òa khóc.,
""Họ không đối xử với chúng tôi như trẻ nhỏ. Chúng tôi bị coi là người hầu, nô lệ"", Annette nói về bố mẹ đẻ với , năm 2017.,
Năm 18 tuổi, năm chị em thoát ly khỏi gia đình và chuyển tới Québec. Yvonne và Cécile theo học điều dưỡng còn Marie và Annette vào đại học.,
Émilie gia nhập trường dòng nhưng qua đời ở tuổi 20 do chứng động kinh. Đối với bốn cô gái còn lại, mất mát này là bi kịch nhưng cũng mở ra lối thoát: Từ nay, bộ năm chị em nhà Dionne không còn nữa. Họ nhận phần tiền của mình trong quỹ ủy thác, mỗi người 183.000 USD (tương đương 1,3 triệu USD ngày nay).,
Năm 1970, Marie tử vong ở tuổi 35 vì ""nguyên nhân không rõ ràng"". Tuy nhiên, tác giả Miller cho rằng cô tự tử. Annette và Cécile lập gia đình, có con nhưng sau đó đều ly dị. Yvonne sống độc thân. Năm 1998, Annette, Cécile, Yvonne kiện chính phủ Canada vì hành vi bóc lột ngày trước và nhận khoản bồi thường 2,8 triệu USD. ,
Năm 2001, Yvonne qua đời vì ung thư. Hai người còn lại nay đã 85 tuổi. Annette sống ở một căn hộ ngoại ô Montreal. Còn Cécile, bi kịch hơn, bị con trai rút hết tiền nên rơi vào túng thiếu. ,
, (Theo ,)"
Thế giới,"
Rừng Amazon tiếp tục cháy ","Những đám khói dày đặc vẫn xuất hiện tại bang Rondonia, Brazil hôm 25/8 trong bối cảnh số vụ cháy rừng Amazon tăng 85% so với năm ngoái. ",
Thời sự,"
Xe khách đâm vào xe container lúc rạng sáng ","16 người bị thương khi xe khách đâm vào đuôi xe container trên quốc lộ 38B, địa phận huyện Phù Cừ, tỉnh Hưng Yên, lúc 2h30 ngày 27/8.","
Các nạn nhân đã được đưa đi cấp cứu tại Bệnh viện Đa khoa huyện Phù Cừ và Bệnh viện Đa khoa tỉnh Hưng Yên. Bệnh viện Đa khoa huyện Phù Cừ tiếp nhận chín người, không ghi nhận trường hợp nào tử vong. ,
Lãnh đạo Bệnh viện Đa khoa tỉnh Hưng Yên cho biết đã tiếp nhận bảy người, một ca nặng được chuyển lên Bệnh viện Việt Đức (Hà Nội), một ca chấn thương sọ não vừa được phẫu thuật, năm ca còn lại bị gẫy xương, chấn thương nhẹ. ,
Tại hiện trường, xe khách biến dạng nằm gần đuôi xe container, cửa bung ra. ,
Ông Đỗ Đình Hào, Giám đốc Công an tỉnh Hưng Yên cho biết, tài xế xe khách là Doãn Tất Thắng (48 tuổi). Cơ quan công an đã kiểm tra nồng độ cồn, ma túy đối với tài xế xe khách và xe container, đều cho kết quả âm tính. ,
Nguyên nhân tai nạn chưa được xác định."
Thế giới,"
G7 lo ngại về tình hình Hong Kong ","Các lãnh đạo G7 khẳng định quyền tự trị của Hong Kong, cam kết tôn trọng mô hình ""một quốc gia, hai chế độ"" trong tuyên bố chung ngày 26/8. ","
""G7 tái khẳng định sự tồn tại và tầm quan trọng của thỏa thuận Trung - Anh năm 1984 về Hong Kong và kêu gọi tránh xa bạo lực"", nhóm các nước phát triển (G7) cho biết trong tuyên bố chung được công bố cuối ngày 26/8 tại Biarritz, tây nam nước Pháp.,
Thủ tướng Anh Boris Johnson nói với phóng viên rằng lãnh đạo Mỹ, Anh, Canada, Pháp, Đức, Italy, Nhật Bản đều ""quan ngại sâu sắc"" về tình hình ở Hong Kong. ""Các quốc gia G7 đều ủng hộ một Hong Kong ổn định, thịnh vượng và chúng tôi vẫn cam kết với mô hình 'một quốc gia hai chế độ'"", ông Johnson nói.,
Hong Kong đang trải qua khủng hoảng nghiêm trọng suốt hơn hai tháng qua do các cuộc biểu tình phản đối dự luật dẫn độ, trong đó cho phép Hong Kong đưa nghi phạm tới những khu vực mà thành phố chưa có hiệp ước dẫn độ, bao gồm Trung Quốc đại lục. Trưởng đặc khu Carrie Lam tuyên bố dự luật dẫn độ ""đã chết"" và đề xuất đối thoại, nhưng người biểu tình vẫn tuần hành vào mỗi cuối tuần.,
Cảnh sát Hong Kong hôm 26/8 lần đầu , ""cực kỳ bạo lực"" sau các cuộc đụng độ. Hơn 20 cảnh sát bị thương và,, gồm một đứa trẻ 12 tuổi, vì tội tụ tập trái phép, sở hữu vũ khí và tấn công cảnh sát.,
Quan chức nhiều nước, trong đó có Mỹ và Anh, đã kêu gọi chính quyền Hong Kong thể hiện sự kiềm chế để tránh bạo lực hoặc thương vong. Trung Quốc cáo buộc Anh phát biểu vô trách nhiệm, can thiệp vào vấn đề Hong Kong cũng như công việc nội bộ của Trung Quốc.,
, (Theo ,)"
Thể thao,"
HLV Malaysia: 'Thái Lan sẽ tìm cách rửa hận ở vòng loại World Cup' ","
Tan Cheng Hoe cảnh giác khi nhắc đến các đối thủ ở vòng loại World Cup 2022 sắp tới.	","
""Chanathip rê bóng giỏi và chuyền tốt. Cậu ấy đang thi đấu ấn tượng ở Nhật Bản. Đó là nhân tố có thể giúp Thái Lan vươn xa tại vòng loại giải này"", HLV Tan Cheng Hoe đánh giá về Thái Lan. ""Ở bán kết AFF Cup 2018, chúng tôi đã đánh bại Thái Lan. Tôi tin, họ sẽ tìm cách để trả hận khi hai đội gặp nhau ở vòng loại World Cup 2022,
Malaysia sẽ ra quân bằng chuyến làm khách đến sân của Indonesia, ngày 5/9. Để chuẩn bị cho trận này, HLV của Indonesia, Simon McMenemy triệu tập sáu ngôi sao nhập tịch gồm: Otavio Dutra, Victor Igbonefo, Stefano Lilipaly, Greg Nwokolo, Alberto Goncalves và Osas Saha. ,
,
"
Thời sự,"
Chuyện nữ bác sĩ Việt được vinh danh ở Army Games ","Thi đấu với các đối thủ cao lớn từ Uzbekistan, Nga, Belarus... Nguyễn Thị Thanh Mai, đội Quân y Việt Nam nghĩ không còn mấy hy vọng.","
Thanh Mai (25 tuổi) thi đấu môn , tại Hội thao quân sự quốc tế Army Games 2019, trên thao trường Forish đầy nắng gió, nhiệt độ luôn trên 40 độ C ở Tashkent (Uzbekistan). Các bài thi Ban tổ chức đề ra đòi hỏi thí sinh phải có thể lực, thể hình, sức bền và kỹ thuật cấp cứu giỏi. Đối thủ của cô là những quân nhân từ Uzbekistan, Nga, Belarus, Kazakhstan...,
Phần thi đầu tiên ngày 5/8, Mai bắn súng ngắn Makarova (dành cho bác sĩ) ở cự ly 25 m. Thực hiện hai loạt bắn chậm (10 viên trong 3 phút) và bắn nhanh (10 viên một phút) tư thế đứng bắn một tay, Mai đạt kết quả thứ 4/11, kém người đứng thứ ba từ Belarus 2 điểm.,
Vị trí này khiến cô buồn, thất vọng bởi phần thi sau là chạy vật cản. ,
Bãi vật cản mà Thanh Mai phải vượt qua gồm ném lựu đạn 10 m, chui hầm, vượt hầm 1 m, nhảy tường 1 m, nhảy qua cầu thang đổ 1,2 m, bê hai hòm đạn 10 kg, bò qua gầm xe thiết giáp, chạy ngược lại lắp súng, chạy dích dắc, rồi chạy đường pitch khoảng 300 m để đến địa điểm làm kỹ thuật cấp cứu thương binh. Khả năng Mai có thể vượt qua các đồng nghiệp to khỏe quá mong manh.,
Khoảnh khắc ấy, nhớ đến lời động viên của thủ trưởng, của gia đình, Mai gạt bỏ mọi tâm tư, dồn toàn bộ năng lượng để lao qua các vật cản. Cô nhanh chóng bê hai thùng đạn qua đoạn hào dài 3 m. ""Khó nhất là chui qua gầm xe thiết giáp vì thao trường nhiều gió, cát bay mù mịt. Tôi cố nín thở để tránh bụi khi chui qua gầm xe. Nhưng vì vừa dốc sức chạy qua bãi vật cản, tôi chỉ nín thở được khoảng nửa đường, còn lại phải hít vào khá nhiều bụi, mắt thì mở mà không còn thấy đường nữa"", Mai nhớ lại.,
Khó khăn chưa dừng lại, sau bãi vật cản, chạy một quãng đường dài, các thí sinh phải xách túi cấp cứu nặng 10 kg bước vào nhiệm vụ quan trọng nhất của bác sĩ quân y: cấp cứu bệnh nhân.,
""Tay nặng chân run, lúc đó tôi tưởng không còn chạy nổi nữa. Dừng hít thở sâu, nhớ lại cả chặng đường học tập, làm việc đã vượt qua, tôi nhanh chóng lấy lại bình tĩnh"", Mai kể. Ngay sau đó, cô làm kỹ thuật cấp cứu cho thương binh (ma-nơ-canh) bằng cách mở khí quản, chọc khí khoang màng phổi, hồi sinh tim phổi.,
Các động tác của nữ quân nhân Việt Nam được tổ trọng tài, chuyên gia quan sát trực tiếp bên cạnh đánh giá cao.,
Phần thi cuối cùng là thực hành trong trạm quân y tiền phương, Mai phải thực hiện hàng loạt kỹ thuật y khoa. Ở trạm 1, cô đọc X-quang hai phim; trạm 2 đọc điện tim, nghe tim phổi; trạm 3 tiêm tĩnh mạch và khâu vết thương; trạm 4 là hồi sinh tim phổi. Mỗi trạm cô chỉ có 8 phút nên phải tối ưu hóa các động tác, làm nhanh, dứt khoát.,
Kỹ thuật hồi sinh tim phổi trong trạm chấm chặt chẽ hơn nhiều so với ở thao trường vì ban tổ chức kết nối ma-nơ-canh với máy tính. Các thao tác được tính theo lực ép, thời gian ép, thời gian giữa các nhịp ép, lưu lượng thở... Từ đó, máy quy ra phần trăm cứu sống thương binh.,
Kết quả, cô xếp thứ hai nội dung ,thứ ba về,thứ tư về,
Tổng kết phần thi cá nhân, nữ bác sĩ Việt Nam giành huy chương đồng, đứng sau Kazakhstan (huy chương vàng), Belarus (huy chương bạc); là thành viên nữ duy nhất của Việt Nam ở môn thi , được vinh danh tại hội thao.,
""Từ sự lo lắng, mệt mỏi, hụt hơi, thở dốc, đôi khi nản chí khi tập luyện"" đến lúc ""biết làm chủ bản thân, phân phối sức lực hợp lý"", Mai đã thể hiện ý chí kiên cường của nữ quân nhân Việt Nam tại Hội thao Quân sự quốc tế. Cô nói cuộc thi đã giúp cô trải nghiệm không khí chiến trường khốc liệt, hiểu hơn nhiệm vụ của một bác sĩ quân y."
Pháp luật,"
4 phó tổng giám đốc MobiFone bị khởi tố ",Bộ Công an khởi tố ông Nguyễn Đăng Nguyên (phó tổng giám đốc phụ trách MobiFone) cùng bốn người do liên quan vụ án mua AVG.,"
Quyết định khởi tố được Cơ quan Cảnh sát điều tra (Bộ Công an) ký ngày 26/8 và VKS đã phê chuẩn. 5 bị can đều là lãnh đạo đương nhiệm của Tổng công ty Viễn thông MobiFone, gồm các ông, bà: Nguyễn Đăng Nguyên (43 tuổi), Nguyễn Bảo Long (43 tuổi, Phó tổng giám đốc), Hồ Tuấn (54 tuổi, Phó tổng giám đốc), Nguyễn Mạnh Hùng (50 tuổi, Phó tổng giám đốc) và Phan Thị Hoa Mai (thành viên Hội đồng quản trị). Cả 5 cùng bị khởi tố về tội,theo điều 220, Bộ luật Hình sự 2015, được tại ngoại.,
Bộ Công an cho biết việc ra quyết định tố tụng với 5 bị can nằm trong diễn biến điều tra mở rộng vụ án "", xảy ra tại Tổng công ty viễn thông MobiFone và các đơn vị liên quan.,
Liên quan vụ án, ngày 12/4, Cơ quan Cảnh sát điều tra (Bộ Công an) đã khởi tố bị can, tạm giam ông ,(47 tuổi, Chủ tịch Công ty Cổ phần Nghe Nhìn Toàn cầu – AVG) để điều tra tội , theo khoản 4 điều 364 Bộ luật Hình sự năm 2015. Cùng ngày, ông Nguyễn Bắc Son và Trương Minh Tuấn (hai cựu bộ trưởng Thông tin Truyền thông) bị khởi tố thêm tội danh thứ hai về hành vi ,, theo điều 354 Bộ luật Hình sự. Trước đó hai tháng, ông Son và Tuấn bị khởi tố, tạm giam về tội ,
Ngoài các bị can trên, nhà chức trách đã khởi tố gần 10 người gồm: ông Cao Duy Hải (cựu tổng giám đốc MobiFone), Lê Nam Trà (cựu chủ tịch Hội đồng thành viên, cựu tổng giám đốc MobiFone), Phạm Thị Phương Anh (cựu phó tổng giám đốc), Phạm Đình Trọng (cựu vụ trưởng Quản lý Doanh nghiệp, Bộ Thông tin Truyền thông) cùng Võ Văn Mạnh (Giám đốc Công ty TNHH tư vấn đầu tư và thẩm định AMAX), Hoàng Duy Quang (nhân viên Công ty TNHH tư vấn đầu tư và thẩm định AMAX)...,
MobiFone thành lập năm 1993, trực thuộc Bộ Thông tin và Truyền thông, vốn chủ sở hữu 15.000 tỷ đồng. Tháng 11/2018, Bộ Thông tin và Truyền thông bàn giao MobiFone về Ủy ban quản lý vốn Nhà nước tại doanh nghiệp.,
Tháng 3/2018, công bố kết luận thanh tra toàn diện dự án, Thanh tra Chính phủ xác định việc MobiFone mua AVG là vi phạm kinh tế rất nghiêm trọng. Dự án có tổng mức đầu tư là 8.900 tỷ đồng, tuy nhiên những vi phạm, làm trái quy định, thiếu trách nhiệm của MobiFone dẫn đến nguy cơ hiện hữu thiệt hại nghiêm trọng vốn của Nhà nước tại doanh nghiệp này khoảng 7.006 tỷ đồng.,
"
,"
Thầy Park triệu tập cầu thủ trước trận đấu với Thái Lan ",,
